{
    "version": "0.1.0",
    "name": "squidmoon",
    "instructions": [
      {
        "name": "initialize",
        "accounts": [
          {
            "name": "authority",
            "isMut": true,
            "isSigner": true
          },
          {
            "name": "userState",
            "isMut": true,
            "isSigner": false
          },
          {
            "name": "vault",
            "isMut": true,
            "isSigner": false
          },
          {
            "name": "systemProgram",
            "isMut": false,
            "isSigner": false
          }
        ],
        "args": []
      },
      {
        "name": "coinflip",
        "accounts": [
          {
            "name": "vault",
            "isMut": true,
            "isSigner": false
          },
          {
            "name": "userState",
            "isMut": true,
            "isSigner": false
          },
          {
            "name": "user",
            "isMut": true,
            "isSigner": false
          },
          {
            "name": "systemProgram",
            "isMut": false,
            "isSigner": false
          }
        ],
        "args": [
          {
            "name": "winPercentage",
            "type": "u8"
          },
          {
            "name": "loosePercentage",
            "type": "u8"
          },
          {
            "name": "amount",
            "type": "u64"
          },
          {
            "name": "rand",
            "type": "u32"
          }
        ],
        "returns": "u64"
      }
    ],
    "accounts": [
      {
        "name": "UserState",
        "type": {
          "kind": "struct",
          "fields": [
            {
              "name": "isInitialized",
              "type": "u8"
            },
            {
              "name": "vault",
              "type": "publicKey"
            },
            {
              "name": "lastCoinflipRes",
              "type": "u8"
            },
            {
              "name": "lastRewards",
              "type": "u64"
            }
          ]
        }
      }
    ],
    "errors": [
      {
        "code": 6000,
        "name": "CountOverflowAddItem",
        "msg": "Count Overflow To Add Item"
      },
      {
        "code": 6001,
        "name": "IndexOverflowSetItem",
        "msg": "Index Overflow To Set Item"
      }
    ],
    "metadata": {
      "address": "bQ5ric8XJbnmfzp3oc4fK55aBYMNrM8aUE67mvujb6G"
    }
  }